{"graph_0": {"_type": "graph-file", "path": "media/graph/graph_0_summary_fdf5c37c.graph.json", "sha256": "fdf5c37c43ccca8780a2f04c0e27eab94220ca8cae5f19e6f2d914f7578ec723", "size": 37681}, "_timestamp": 1585679154.4433303, "train Accuracy": 0.6666666666666666, "train Recall": 1.0, "_step": 5, "_runtime": 62.50098371505737, "train Precision": 0.6, "train F1-Score": 0.7499999999999999, "train Loss": 0.6983688672383627, "val F1-Score": NaN, "val Loss": 0.7343350648880005, "val Precision": 0.0, "val Accuracy": 0.3333333333333333, "val Recall": 0.0}
