{"graph_0": {"_type": "graph-file", "path": "media/graph/graph_0_summary_cab19d68.graph.json", "sha256": "cab19d687114c13c33cb68ccccf1cabab61a62dd06f997969fcdb93e0e5ea7fe", "size": 37681}, "_timestamp": 1585679314.350605, "train Accuracy": 0.5, "train Recall": 0.3333333333333333, "_step": 5, "_runtime": 4.483363628387451, "train Precision": 0.5, "train F1-Score": 0.4, "train Loss": 0.7037309408187866, "val F1-Score": 0.5, "val Loss": 0.7169252435366312, "val Precision": 0.4, "val Accuracy": 0.3333333333333333, "val Recall": 0.6666666666666666}
