{"graph_0": {"_type": "graph-file", "path": "media/graph/graph_0_summary_c3d51ec5.graph.json", "sha256": "c3d51ec54523c9211e80c5d027f4319708cadceb1ad6e12c817b2ef68b22f806", "size": 37681}, "train Loss": 0.6884555021921793, "_timestamp": 1585687137.017563, "_runtime": 1336.93598818779, "train Accuracy": 0.5, "train Recall": 0.0, "train Precision": NaN, "train F1-Score": NaN, "_step": 5, "val F1-Score": NaN, "val Loss": 0.7040533622105917, "val Precision": NaN, "val Recall": 0.0, "val Accuracy": 0.5}
