{"graph_0": {"_type": "graph-file", "path": "media/graph/graph_0_summary_cb5747ee.graph.json", "sha256": "cb5747ee70c28d0cf2094f91b4d35aeaedf55a95465fc41be2d7f82b024e1321", "size": 37681}, "train Loss": 0.6911462346712748, "train Recall": 0.3333333333333333, "train Accuracy": 0.3333333333333333, "_timestamp": 1585678430.7173128, "train Precision": 0.3333333333333333, "_step": 5, "_runtime": 225.86117386817932, "train F1-Score": 0.3333333333333333, "val Precision": 0.5, "val Loss": 0.6923974355061849, "val Recall": 0.3333333333333333, "val F1-Score": 0.4, "val Accuracy": 0.5}
