{"graph_0": {"_type": "graph-file", "path": "media/graph/graph_0_summary_8bae5300.graph.json", "sha256": "8bae53005f65259daea3dfb376c3ef46f6390a351c0a8cb320edfbcb551dd4c4", "size": 37681}, "train Loss": 0.69160262743632, "_timestamp": 1585688523.608736, "_runtime": 4.614645719528198, "train Accuracy": 0.6666666666666666, "train Recall": 0.6666666666666666, "train Precision": 0.6666666666666666, "train F1-Score": 0.6666666666666666, "_step": 5, "val F1-Score": NaN, "val Loss": 0.6837518016497294, "val Precision": NaN, "val Recall": 0.0, "val Accuracy": 0.5}
