{"graph_0": {"_type": "graph-file", "path": "media/graph/graph_0_summary_aa90355c.graph.json", "sha256": "aa90355ce232082ecac99a39c613d782409f2f29cab1a7e70d615de1cf3d6932", "size": 37681}, "train Recall": 1.0, "train Loss": 0.6456453402837118, "train F1-Score": 0.6666666666666666, "_step": 5, "train Accuracy": 0.5, "_runtime": 77.8244059085846, "_timestamp": 1585692479.5544133, "train Precision": 0.5, "val Accuracy": 0.5, "val F1-Score": 0.6666666666666666, "val Recall": 1.0, "val Precision": 0.5, "val Loss": 0.6971394022305807}
